"Date","Redraft PPR ADP","Redraft SF ADP","Redraft Half PPR ADP","Dynasty PPR ADP","Dynasty SF ADP","Dynasty Half PPR ADP","IDP ADP","Player Team","Player First Name","Player Last Name","Fantasy Player Position","Player Id","Positional Rank","","","","","","","","","","","",""
"August 4, 2025","1.1","3.5","1.4","1","4.1","1.4","1.4","CIN","Ja'Marr","Chase","WR","7564","WR1","","","","","","","","","","","",""
"August 4, 2025","2.4","10.1","2.7","8.3","17.5","9","8.5","PHI","Saquon","Barkley","RB","4866","RB1","","","","","","","","","","","",""
"August 4, 2025","3.4","5.2","3.2","3.7","8.2","3.1","5.3","ATL","Bijan","Robinson","RB","9509","RB2","","","","","","","","","","","",""
"August 4, 2025","4.4","5.2","4.4","2.9","5.8","2","5.9","MIN","Justin","Jefferson","WR","6794","WR2","","","","","","","","","","","",""
"August 4, 2025","5.6","8.6","5.6","4.8","10.8","4.2","7","DET","Jahmyr","Gibbs","RB","9221","RB3","","","","","","","","","","","",""
"August 4, 2025","5.9","11.6","5.5","6","11.9","5.2","9","DAL","CeeDee","Lamb","WR","6786","WR3","","","","","","","","","","","",""
"August 4, 2025","7.6","15","8","10.1","15.6","10.4","15.1","DET","Amon-Ra","St. Brown","WR","7547","WR4","","","","","","","","","","","",""
"August 4, 2025","8","16.6","7.4","11.6","17.5","11.6","16.8","LAR","Puka","Nacua","WR","9493","WR5","","","","","","","","","","","",""
"August 4, 2025","9.1","14.6","10.1","5.3","11.4","5.7","11.2","NYG","Malik","Nabers","WR","11632","WR6","","","","","","","","","","","",""
"August 4, 2025","10.7","21.4","9.4","33.7","49.6","34.2","29.3","BAL","Derrick","Henry","RB","3198","RB4","","","","","","","","","","","",""
"August 4, 2025","11.1","13","11.3","7.7","13.3","7.6","11.6","LV","Ashton","Jeanty","RB","12527","RB5","","","","","","","","","","","",""
"August 4, 2025","11.4","22.7","11.7","15.5","20.3","15.1","20","HOU","Nico","Collins","WR","7569","WR7","","","","","","","","","","","",""
"August 4, 2025","13.8","17.3","13.5","32","45.1","32.9","25.2","SF","Christian","McCaffrey","RB","4034","RB6","","","","","","","","","","","",""
"August 4, 2025","14.5","20.4","14.9","11.6","16","11.1","17.8","JAX","Brian","Thomas","WR","11631","WR8","","","","","","","","","","","",""
"August 4, 2025","15.4","23.1","15.4","17.7","28.8","17.7","19.5","MIA","De'Von","Achane","RB","9226","RB7","","","","","","","","","","","",""
"August 4, 2025","16.1","11.6","16.5","9.4","9.9","8","14.5","LV","Brock","Bowers","TE","11604","TE1","","","","","","","","","","","",""
"August 4, 2025","17.4","27","17.5","23.7","33.1","23.8","29.2","PHI","A.J.","Brown","WR","5859","WR9","","","","","","","","","","","",""
"August 4, 2025","17.6","23.5","17.1","17.1","21.7","17","23.6","ATL","Drake","London","WR","8112","WR10","","","","","","","","","","","",""
"August 4, 2025","19.5","25.3","19.3","21.2","31.4","21","23.6","TB","Bucky","Irving","RB","11584","RB8","","","","","","","","","","","",""
"August 4, 2025","20.5","29.4","20.3","34","47.9","35.7","33.1","GB","Josh","Jacobs","RB","5850","RB9","","","","","","","","","","","",""
"August 4, 2025","21","1.2","21.3","13.4","1.8","13.7","2.4","BUF","Josh","Allen","QB","4984","QB1","","","","","","","","","","","",""
"August 4, 2025","22.6","26.4","23.1","19.5","23.2","19","26.1","LAC","Ladd","McConkey","WR","11635","WR11","","","","","","","","","","","",""
"August 4, 2025","23.1","28.6","22.7","29.3","38","27.5","28.1","IND","Jonathan","Taylor","RB","6813","RB10","","","","","","","","","","","",""
"August 4, 2025","23.4","2.2","25.2","16.8","3.6","16.5","3.6","BAL","Lamar","Jackson","QB","4881","QB2","","","","","","","","","","","",""
"August 4, 2025","25","17.5","23.8","22","19.7","22.4","22.4","ARI","Trey","McBride","TE","8130","TE2","","","","","","","","","","","",""
"August 4, 2025","26.9","34","27.5","25.1","32.6","26.9","35.5","SEA","Jaxon","Smith-Njigba","WR","9488","WR12","","","","","","","","","","","",""
"August 4, 2025","27.7","44.1","29.8","56.3","80.7","57.5","56.9","MIA","Tyreek","Hill","WR","3321","WR13","","","","","","","","","","","",""
"August 4, 2025","28.2","32.8","26.2","31.7","41.7","31.8","34.1","LAR","Kyren","Williams","RB","8150","RB11","","","","","","","","","","","",""
"August 4, 2025","29.2","37.6","28.1","42","53.2","41.8","41.1","CIN","Chase","Brown","RB","9224","RB12","","","","","","","","","","","",""
"August 4, 2025","29.7","41.3","31","37.7","44.4","35.4","40","CIN","Tee","Higgins","WR","6801","WR14","","","","","","","","","","","",""
"August 4, 2025","31.6","4.8","30","14.3","2.7","14.3","4.7","WAS","Jayden","Daniels","QB","11566","QB3","","","","","","","","","","","",""
"August 4, 2025","32.5","35.5","33.5","27.5","34.4","28.2","35.7","NYJ","Garrett","Wilson","WR","8146","WR15","","","","","","","","","","","",""
"August 4, 2025","33","35","32","28.8","35.5","29.4","32.2","NYJ","Breece","Hall","RB","8155","RB13","","","","","","","","","","","",""
"August 4, 2025","34.2","45.8","35.5","44.9","59.1","44.1","47.8","WAS","Terry","McLaurin","WR","5927","WR16","","","","","","","","","","","",""
"August 4, 2025","35.6","41.7","34.4","38.6","52.8","38.6","38.6","BUF","James","Cook","RB","8138","RB14","","","","","","","","","","","",""
"August 4, 2025","35.7","33.1","35","20.1","27.8","20.9","27.4","ARI","Marvin","Harrison","WR","11628","WR17","","","","","","","","","","","",""
"August 4, 2025","37.5","50.1","37.5","68.8","87.2","71.4","67.4","TB","Mike","Evans","WR","2216","WR18","","","","","","","","","","","",""
"August 4, 2025","38.6","38.8","38.3","49.3","61.3","51.3","47.6","SF","George","Kittle","TE","4217","TE3","","","","","","","","","","","",""
"August 4, 2025","39.6","9","40.8","29.3","7.2","29.7","13.7","PHI","Jalen","Hurts","QB","6904","QB4","","","","","","","","","","","",""
"August 4, 2025","40","7.1","43.2","26.1","5.9","25.4","10.8","CIN","Joe","Burrow","QB","6770","QB5","","","","","","","","","","","",""
"August 4, 2025","41.3","49.8","41.5","63.2","83.7","68.1","59.8","NO","Alvin","Kamara","RB","4035","RB15","","","","","","","","","","","",""
"August 4, 2025","41.6","59.2","41.1","77.8","94.3","77.7","80.1","LAR","Davante","Adams","WR","2133","WR19","","","","","","","","","","","",""
"August 4, 2025","43.6","43.6","44.3","41.9","43.5","41","45","KC","Rashee","Rice","WR","10229","WR20","","","","","","","","","","","",""
"August 4, 2025","44.3","39.3","39.8","23.7","26.7","23.7","31.2","LAC","Omarion","Hampton","RB","12507","RB16","","","","","","","","","","","",""
"August 4, 2025","45.9","53.1","45.5","46.7","64.5","46.1","51.6","SEA","Kenneth","Walker","RB","8151","RB17","","","","","","","","","","","",""
"August 4, 2025","46.2","61","47.9","57","71.3","61.7","62.3","CHI","DJ","Moore","WR","4983","WR21","","","","","","","","","","","",""
"August 4, 2025","47.3","55.4","46.7","53","71.6","53.7","55.3","CAR","Chuba","Hubbard","RB","7594","RB18","","","","","","","","","","","",""
"August 4, 2025","47.4","67.1","49.1","58.5","74.5","58.8","64.2","PIT","DK","Metcalf","WR","5846","WR22","","","","","","","","","","","",""
"August 4, 2025","49.5","47.3","52.5","40.8","39.4","40.5","39.3","DET","Sam","LaPorta","TE","10859","TE4","","","","","","","","","","","",""
"August 4, 2025","50","75.2","51.4","80.5","97","82.3","89.2","DEN","Courtland","Sutton","WR","5045","WR23","","","","","","","","","","","",""
"August 4, 2025","51.1","59.2","47.1","59.7","82.2","59.1","61.8","HOU","Joe","Mixon","RB","4018","RB19","","","","","","","","","","","",""
"August 4, 2025","52.9","69.4","50.4","79.6","101.1","81.3","86.2","ARI","James","Conner","RB","4137","RB20","","","","","","","","","","","",""
"August 4, 2025","53","64.6","53.3","45.7","57.7","47.9","53.3","PHI","DeVonta","Smith","WR","7525","WR24","","","","","","","","","","","",""
"August 4, 2025","53.9","74.9","53.3","52.2","65.7","52.8","63.7","BAL","Zay","Flowers","WR","9997","WR25","","","","","","","","","","","",""
"August 4, 2025","55.9","68.3","56.7","47.4","59.4","47.7","58.9","KC","Xavier","Worthy","WR","11624","WR26","","","","","","","","","","","",""
"August 4, 2025","56.7","77","55.4","70","88.6","69","74.1","DET","David","Montgomery","RB","5892","RB21","","","","","","","","","","","",""
"August 4, 2025","57.4","71.6","59.9","65.9","73.5","65.1","68.2","MIN","T.J.","Hockenson","TE","5844","TE5","","","","","","","","","","","",""
"August 4, 2025","58.7","19.6","64.3","51.2","14.8","49.7","21.6","KC","Patrick","Mahomes","QB","4046","QB6","","","","","","","","","","","",""
"August 4, 2025","59.3","79.2","61.4","62.6","79.7","62.6","71.1","DAL","George","Pickens","WR","8137","WR27","","","","","","","","","","","",""
"August 4, 2025","59.7","77.2","58.7","67.2","78","65.8","73.9","DET","Jameson","Williams","WR","8148","WR28","","","","","","","","","","","",""
"August 4, 2025","61.1","65.2","57.6","50.6","62.4","50.8","57.3","DEN","RJ","Harvey","RB","12489","RB22","","","","","","","","","","","",""
"August 4, 2025","62","56.8","60","35.3","37.6","37.4","43","CAR","Tetairoa","McMillan","WR","12526","WR29","","","","","","","","","","","",""
"August 4, 2025","63.2","63.5","65","35.8","35.5","33.4","17.9","JAX","Travis","Hunter","WR","12530","WR30","","","","","","","","","","","",""
"August 4, 2025","64.3","83.7","62.9","73","89.7","73.1","76.4","KC","Isiah","Pacheco","RB","8205","RB23","","","","","","","","","","","",""
"August 4, 2025","65.5","58.9","63.2","39.7","42","39","44.5","NE","TreVeyon","Henderson","RB","12529","RB24","","","","","","","","","","","",""
"August 4, 2025","66","80.1","75.5","104.1","119.5","107.4","101.4","KC","Travis","Kelce","TE","1466","TE6","","","","","","","","","","","",""
"August 4, 2025","67.2","87.5","67.5","71.9","85.4","71.9","85.9","MIA","Jaylen","Waddle","WR","7526","WR31","","","","","","","","","","","",""
"August 4, 2025","68.3","31.1","74.3","94","47.5","97.9","52.3","TB","Baker","Mayfield","QB","4892","QB7","","","","","","","","","","","",""
"August 4, 2025","69.1","89.8","65.4","100.1","121.3","100.4","105","MIN","Aaron","Jones","RB","4199","RB25","","","","","","","","","","","",""
"August 4, 2025","70.8","85.6","69.2","69.6","77.4","63.1","79.9","NO","Chris","Olave","WR","8144","WR32","","","","","","","","","","","",""
"August 4, 2025","71.5","86.4","70.8","64.3","75.5","59.8","75.5","MIN","Jordan","Addison","WR","9756","WR33","","","","","","","","","","","",""
"August 4, 2025","71.6","70.2","68.6","43.6","50","43.2","50.9","CLE","Quinshon","Judkins","RB","12512","RB26","","","","","","","","","","","",""
"August 4, 2025","73","91.1","73.7","75.9","89.9","75.2","93.3","CLE","Jerry","Jeudy","WR","6783","WR34","","","","","","","","","","","",""
"August 4, 2025","74.7","83.2","71.7","82.4","99.6","83.7","87.8","CHI","D'Andre","Swift","RB","6790","RB27","","","","","","","","","","","",""
"August 4, 2025","75.3","95","76.1","110.7","124.9","112.8","124.2","TEN","Calvin","Ridley","WR","4981","WR35","","","","","","","","","","","",""
"August 4, 2025","76.3","29.7","83.6","61.3","23.1","64.5","37.6","DEN","Bo","Nix","QB","11563","QB8","","","","","","","","","","","",""
"August 4, 2025","77","94.2","71.5","95.8","115.1","95.7","107.7","TEN","Tony","Pollard","RB","5967","RB28","","","","","","","","","","","",""
"August 4, 2025","77.6","97.5","77.6","97","111.2","101.1","113.4","TB","Chris","Godwin","WR","4037","WR36","","","","","","","","","","","",""
"August 4, 2025","79.3","92.1","82.6","92.7","100.1","88","94.2","BAL","Mark","Andrews","TE","5012","TE7","","","","","","","","","","","",""
"August 4, 2025","80.5","81","79.2","47.1","56.5","45.6","59.6","CHI","Rome","Odunze","WR","11620","WR37","","","","","","","","","","","",""
"August 4, 2025","81.5","82.8","77.9","55.2","67.3","53.2","66","PIT","Kaleb","Johnson","RB","12504","RB29","","","","","","","","","","","",""
"August 4, 2025","82.8","104.5","83.7","113.6","125.4","116.4","135.8","LV","Jakobi","Meyers","WR","5947","WR38","","","","","","","","","","","",""
"August 4, 2025","83","99.3","80.8","86.1","103.1","85.4","103.6","WAS","Brian","Robinson","RB","8154","RB30","","","","","","","","","","","",""
"August 4, 2025","83.1","116.8","85.3","99.8","112.8","101.5","121.1","BUF","Khalil","Shakir","WR","8134","WR39","","","","","","","","","","","",""
"August 4, 2025","85.2","103.3","81.1","83.5","113.8","80.9","111.7","NYG","Tyrone","Tracy","RB","11655","RB31","","","","","","","","","","","",""
"August 4, 2025","86","110.7","86.5","107.1","131.9","105.3","127.1","WAS","Deebo","Samuel","WR","5872","WR40","","","","","","","","","","","",""
"August 4, 2025","87.8","118.8","89.2","115.8","139.7","118.4","143.2","SEA","Cooper","Kupp","WR","4039","WR41","","","","","","","","","","","",""
"August 4, 2025","88.9","101.6","89.8","133.9","134.2","143.2","137.7","DEN","Evan","Engram","TE","4066","TE8","","","","","","","","","","","",""
"August 4, 2025","89.3","106.8","91.5","122.1","129.3","129.2","136.7","PIT","Jonnu","Smith","TE","4144","TE9","","","","","","","","","","","",""
"August 4, 2025","89.7","123.1","92","127.4","143.2","130.9","155","NE","Stefon","Diggs","WR","2449","WR42","","","","","","","","","","","",""
"August 4, 2025","91.8","53.9","98.7","139.8","65.8","137.5","77.8","DET","Jared","Goff","QB","3163","QB9","","","","","","","","","","","",""
"August 4, 2025","92.5","113.4","87","119","136.9","119.4","131.7","PIT","Jaylen","Warren","RB","8228","RB32","","","","","","","","","","","",""
"August 4, 2025","93.1","101.9","88.5","87.2","110","86.6","98.4","JAX","Travis","Etienne","RB","7543","RB33","","","","","","","","","","","",""
"August 4, 2025","94.9","107.1","95.9","109.5","116.8","111.7","129.5","CLE","David","Njoku","TE","4033","TE10","","","","","","","","","","","",""
"August 4, 2025","95.2","89.7","100.3","53.6","58.4","55.4","65.9","IND","Tyler","Warren","TE","12518","TE11","","","","","","","","","","","",""
"August 4, 2025","95.6","111.1","101.4","124.5","135.9","125.1","147.1","SF","Jauan","Jennings","WR","7049","WR43","","","","","","","","","","","",""
"August 4, 2025","97.7","46","93.8","111.6","46.5","117.7","70","ARI","Kyler","Murray","QB","5849","QB10","","","","","","","","","","","",""
"August 4, 2025","98.3","109.8","99.2","71.1","83.3","70.1","92.6","GB","Matthew","Golden","WR","12501","WR44","","","","","","","","","","","",""
"August 4, 2025","99.2","117.3","94.4","93.7","107.4","92.6","119.3","GB","Jayden","Reed","WR","10222","WR45","","","","","","","","","","","",""
"August 4, 2025","100.3","115","105.5","76.3","91.6","76.5","99.3","NYG","Cam","Skattebo","RB","12481","RB34","","","","","","","","","","","",""
"August 4, 2025","101.5","105.6","97.8","89.9","95.7","89.3","110.1","SF","Ricky","Pearsall","WR","11638","WR46","","","","","","","","","","","",""
"August 4, 2025","101.8","125.7","104.9","98.8","107.2","99.2","137.7","IND","Josh","Downs","WR","9500","WR47","","","","","","","","","","","",""
"August 4, 2025","103","126","95.6","116.6","140.6","113.9","145.2","LAC","Najee","Harris","RB","7528","RB35","","","","","","","","","","","",""
"August 4, 2025","104.6","121.6","101.6","89.5","101.9","89.8","115.8","SF","Brandon","Aiyuk","WR","6803","WR48","","","","","","","","","","","",""
"August 4, 2025","105.3","40.5","107.5","81.6","25.8","77.6","46","LAC","Justin","Herbert","QB","6797","QB11","","","","","","","","","","","",""
"August 4, 2025","106.3","128.5","103.4","134.8","145.8","131.2","155.2","DAL","Javonte","Williams","RB","7588","RB36","","","","","","","","","","","",""
"August 4, 2025","107.1","107.8","118.8","65.8","68.6","67.6","82.2","CHI","Colston","Loveland","TE","12517","TE12","","","","","","","","","","","",""
"August 4, 2025","108","119.9","113.3","59.5","70.4","56.1","88.8","TB","Emeka","Egbuka","WR","12514","WR49","","","","","","","","","","","",""
"August 4, 2025","109.8","51","111.7","125.8","51.6","128.6","71.4","SF","Brock","Purdy","QB","8183","QB12","","","","","","","","","","","",""
"August 4, 2025","110","129.9","112.5","135.5","148.5","131.2","158.3","MIN","Jordan","Mason","RB","8408","RB37","","","","","","","","","","","",""
"August 4, 2025","111.5","137.4","109.5","137.8","146.9","136.4","177.1","ATL","Darnell","Mooney","WR","7090","WR50","","","","","","","","","","","",""
"August 4, 2025","112.4","127.9","107.2","103.6","117.9","95.6","130.3","SEA","Zach","Charbonnet","RB","9753","RB38","","","","","","","","","","","",""
"August 4, 2025","113.1","119","116.5","83.9","92.6","87.2","104","BUF","Dalton","Kincaid","TE","10236","TE13","","","","","","","","","","","",""
"August 4, 2025","113.8","134.7","106.3","130.4","149.6","124.5","167.6","NE","Rhamondre","Stevenson","RB","7611","RB39","","","","","","","","","","","",""
"August 4, 2025","115.5","136.8","110.5","125.7","133","122.9","161.4","IND","Michael","Pittman","WR","6819","WR51","","","","","","","","","","","",""
"August 4, 2025","116","133.8","117.4","91.4","93.7","94.8","120","HOU","Jayden","Higgins","WR","12484","WR52","","","","","","","","","","","",""
"August 4, 2025","117.4","122.8","113.2","101","104.2","98.4","122.2","GB","Tucker","Kraft","TE","9484","TE14","","","","","","","","","","","",""
"August 4, 2025","118.5","47.8","119.6","74.5","22.6","74.1","49.5","CHI","Caleb","Williams","QB","11560","QB13","","","","","","","","","","","",""
"August 4, 2025","119.4","140.3","119.1","105.3","118.5","103.2","149.1","BUF","Keon","Coleman","WR","11637","WR53","","","","","","","","","","","",""
"August 4, 2025","119.7","130.7","122.2","131","137.2","133.3","159.8","DAL","Jake","Ferguson","TE","8110","TE15","","","","","","","","","","","",""
"August 4, 2025","121.4","62","121.7","155.8","76.1","152.4","95","DAL","Dak","Prescott","QB","3294","QB14","","","","","","","","","","","",""
"August 4, 2025","122.6","57.8","130.4","77.4","29.7","79.6","41.8","HOU","C.J.","Stroud","QB","9758","QB15","","","","","","","","","","","",""
"August 4, 2025","123.1","147.4","123.2","142.7","165.5","143.4","187.1","DEN","J.K.","Dobbins","RB","6806","RB40","","","","","","","","","","","",""
"August 4, 2025","124.7","141.3","115.3","129.8","143.8","127.8","175.6","TEN","Tyjae","Spears","RB","9508","RB41","","","","","","","","","","","",""
"August 4, 2025","125","65.4","125.2","107.7","40.5","106.3","69","GB","Jordan","Love","QB","6804","QB16","","","","","","","","","","","",""
"August 4, 2025","125.8","131.9","133.7","101.5","109.5","104.8","125.5","ATL","Kyle","Pitts","TE","7553","TE16","","","","","","","","","","","",""
"August 4, 2025","127.8","135.7","125.3","157.9","163.8","161.9","181.5","PHI","Dallas","Goedert","TE","5022","TE17","","","","","","","","","","","",""
"August 4, 2025","128.4","282","208.9","188.2","","263.7","274.4","DAL","Brandon","Aubrey","K","11533","K1","","","","","","","","","","","",""
"August 4, 2025","129.2","215.8","150.9","189","215.8","215.8","150.9","PHI","Philadelphia","Eagles","DEF","","DEF1","","","","","","","","","","","",""
"August 4, 2025","130","284.9","213.8","219.7","","275.8","275.4","DET","Jake","Bates","K","11539","K2","","","","","","","","","","","",""
"August 4, 2025","131.2","287.9","209","191","","267.6","275.7","LAC","Cameron","Dicker","K","8259","K3","","","","","","","","","","","",""
"August 4, 2025","131.7","220.8","157.1","190.5","220.8","220.8","157.1","PIT","Pittsburgh","Steelers","DEF","","DEF2","","","","","","","","","","","",""
"August 4, 2025","133.7","138","129.3","95.7","106.9","93.3","133.1","LAC","Tre'","Harris","WR","12509","WR54","","","","","","","","","","","",""
"August 4, 2025","134.2","146.3","128.5","146.5","155.3","146.2","184.8","NO","Rashid","Shaheed","WR","8676","WR55","","","","","","","","","","","",""
"August 4, 2025","135","143.6","136.3","118.4","141.6","119.6","152.7","DAL","Jaydon","Blue","RB","12457","RB42","","","","","","","","","","","",""
"August 4, 2025","136.2","71.2","127","149.2","86.5","155.8","107.1","NYJ","Justin","Fields","QB","7591","QB17","","","","","","","","","","","",""
"August 4, 2025","137.9","149.8","124.9","140.9","158.6","141.3","179.1","TB","Rachaad","White","RB","8136","RB43","","","","","","","","","","","",""
"August 4, 2025","138","148.9","135.3","141.7","151","140.9","183","DEN","Marvin","Mims","WR","9494","WR56","","","","","","","","","","","",""
"August 4, 2025","139.9","52.1","131.1","85.2","29.3","83.3","53.1","NE","Drake","Maye","QB","11564","QB18","","","","","","","","","","","",""
"August 4, 2025","140.9","139.6","134.2","88.7","95.1","91.3","128.4","CHI","Luther","Burden","WR","12519","WR57","","","","","","","","","","","",""
"August 4, 2025","141.4","73.5","139.5","112.3","55.1","113.6","83.2","MIN","J.J.","McCarthy","QB","11565","QB19","","","","","","","","","","","",""
"August 4, 2025","142","157.2","131.2","137.1","157.2","134.8","185.3","JAX","Tank","Bigsby","RB","9225","RB44","","","","","","","","","","","",""
"August 4, 2025","143.4","175.6","155.8","177.8","214.2","185.1","251.3","HOU","Nick","Chubb","RB","4988","RB45","","","","","","","","","","","",""
"August 4, 2025","143.8","153.8","145.5","128","131.2","125.6","173.2","NE","Kyle","Williams","WR","12547","WR58","","","","","","","","","","","",""
"August 4, 2025","145.1","151","140","121.7","128.1","115.4","170.3","JAX","Bhayshul","Tuten","RB","12490","RB46","","","","","","","","","","","",""
"August 4, 2025","146.3","160.3","137.1","172.6","182.8","170.2","232.5","HOU","Christian","Kirk","WR","4950","WR59","","","","","","","","","","","",""
"August 4, 2025","147.8","158.6","142.5","147.4","161.9","147.9","188","SF","Isaac","Guerendo","RB","11651","RB47","","","","","","","","","","","",""
"August 4, 2025","148.9","145.2","157.7","119.4","125.8","121.7","164.8","BAL","Isaiah","Likely","TE","8131","TE18","","","","","","","","","","","",""
"August 4, 2025","149.5","93","154.5","106.6","53.6","107.4","81.1","TEN","Cameron","Ward","QB","12522","QB20","","","","","","","","","","","",""
"August 4, 2025","149.9","152.9","151.4","200.4","215.4","209.8","243.8","WAS","Zach","Ertz","TE","1339","TE19","","","","","","","","","","","",""
"August 4, 2025","151.3","164.4","141.8","179.7","207.8","181.2","239.8","WAS","Austin","Ekeler","RB","4663","RB48","","","","","","","","","","","",""
"August 4, 2025","152.8","224.8","185.5","221.5","224.8","224.8","185.5","BAL","Baltimore","Ravens","DEF","","DEF3","","","","","","","","","","","",""
"August 4, 2025","153","217","152.8","218.8","217","217","152.8","DEN","Denver","Broncos","DEF","","DEF4","","","","","","","","","","","",""
"August 4, 2025","154.7","222.7","154.6","220.2","222.7","222.7","154.6","WAS","Washington","Commanders","DEF","","DEF5","","","","","","","","","","","",""
"August 4, 2025","155.5","287.8","211.4","223.7","","279.9","355.5","PIT","Chris","Boswell","K","1945","K4","","","","","","","","","","","",""
"August 4, 2025","155.6","296.3","214.1","266.3","","","359.4","TB","Chase","McLaughlin","K","6650","K5","","","","","","","","","","","",""
"August 4, 2025","157.4","228.7","159.5","227.9","228.7","228.7","159.5","SF","San Francisco","49ers","DEF","","DEF6","","","","","","","","","","","",""
"August 4, 2025","158.5","289.8","218.3","225.6","","266","277.4","KC","Harrison","Butker","K","4227","K6","","","","","","","","","","","",""
"August 4, 2025","159.1","227.2","161.4","226.8","227.2","227.2","161.4","MIN","Minnesota","Vikings","DEF","","DEF7","","","","","","","","","","","",""
"August 4, 2025","160.5","299.8","217.6","229.5","","272","356.5","BUF","Tyler","Bass","K","7042","K7","","","","","","","","","","","",""
"August 4, 2025","161.2","","265.5","231.7","","274.3","358.1","PHI","Jake","Elliott","K","4195","K8","","","","","","","","","","","",""
"August 4, 2025","161.8","298.4","215.5","272.4","","284.3","361.6","HOU","Ka'imi","Fairbairn","K","3451","K9","","","","","","","","","","","",""
"August 4, 2025","163.3","159.6","147.8","153.9","164.4","151.9","217.3","BAL","Rashod","Bateman","WR","7571","WR60","","","","","","","","","","","",""
"August 4, 2025","164.9","155.5","149","117.7","122.1","110.3","167","LV","Jack","Bech","WR","12483","WR61","","","","","","","","","","","",""
"August 4, 2025","165.6","143.2","148.2","113.3","123","109.5","154.7","ARI","Trey","Benson","RB","11589","RB49","","","","","","","","","","","",""
"August 4, 2025","166.7","161.5","143.1","155.6","169.7","149.1","190.1","BUF","Ray","Davis","RB","11575","RB50","","","","","","","","","","","",""
"August 4, 2025","167.1","76.9","146.3","152.4","63.5","153.7","95.8","JAX","Trevor","Lawrence","QB","7523","QB21","","","","","","","","","","","",""
"August 4, 2025","167.7","154.6","153.3","209.9","203","215.5","257.7","NE","Hunter","Henry","TE","3214","TE20","","","","","","","","","","","",""
"August 4, 2025","169.1","176.3","158","203.9","225.1","211.2","271.8","CAR","Adam","Thielen","WR","1689","WR62","","","","","","","","","","","",""
"August 4, 2025","170.3","88.2","172.7","136","69.4","137.5","101.3","ATL","Michael","Penix","QB","11559","QB22","","","","","","","","","","","",""
"August 4, 2025","171.9","173.8","160.9","143.7","160.1","145.4","191.1","CLE","Dylan","Sampson","RB","12469","RB51","","","","","","","","","","","",""
"August 4, 2025","172","169","152.7","175.1","185.9","179.8","256","KC","Hollywood","Brown","WR","5848","WR63","","","","","","","","","","","",""
"August 4, 2025","173","177.5","137.7","170.3","190.8","166.4","263.4","CAR","Rico","Dowdle","RB","7021","RB52","","","","","","","","","","","",""
"August 4, 2025","173.2","161.6","178.4","181.4","173.1","189.9","224.7","JAX","Brenton","Strange","TE","9480","TE21","","","","","","","","","","","",""
"August 4, 2025","175.1","170","155","163.5","177.3","161.6","238.6","ATL","Tyler","Allgeier","RB","8132","RB53","","","","","","","","","","","",""
"August 4, 2025","176","168","143.4","123.8","147.7","123.8","189.6","TB","Jalen","McMillan","WR","11618","WR64","","","","","","","","","","","",""
"August 4, 2025","177.2","179.3","149.4","179.3","209.5","173.1","265.2","CLE","Jerome","Ford","RB","8143","RB54","","","","","","","","","","","",""
"August 4, 2025","178.8","173.6","177.3","143.5","156","142.9","220","CAR","Xavier","Legette","WR","11626","WR65","","","","","","","","","","","",""
"August 4, 2025","179.6","267.7","233.8","230.7","267.7","267.7","233.8","BUF","Buffalo","Bills","DEF","","DEF8","","","","","","","","","","","",""
"August 4, 2025","179.6","268","190.6","232","268","268","190.6","DET","Detroit","Lions","DEF","","DEF9","","","","","","","","","","","",""
"August 4, 2025","181.2","293.7","262.7","269.2","","290.6","362.6","ATL","Younghoe","Koo","K","4666","K10","","","","","","","","","","","",""
"August 4, 2025","182.9","292.5","220.9","224.6","","280.5","357.6","BAL","Tyler","Loop","K","12711","K11","","","","","","","","","","","",""
"August 4, 2025","183.3","230","191.5","227.6","230","230","191.5","HOU","Houston","Texans","DEF","","DEF10","","","","","","","","","","","",""
"August 4, 2025","184","266.2","188.3","265.2","266.2","266.2","188.3","TB","Tampa Bay","Buccaneers","DEF","","DEF11","","","","","","","","","","","",""
"August 4, 2025","185","273.5","193.1","267.9","273.5","273.5","193.1","KC","Kansas City","Chiefs","DEF","","DEF12","","","","","","","","","","","",""
"August 4, 2025","185.1","269.7","188.1","268.4","269.7","269.7","188.1","SEA","Seattle","Seahawks","DEF","","DEF13","","","","","","","","","","","",""
"August 4, 2025","187","","221.3","233","","285.3","359","CIN","Evan","McPherson","K","7839","K12","","","","","","","","","","","",""
"August 4, 2025","188.2","172.6","175.8","171.5","171.8","167","259.4","CLE","Cedric","Tillman","WR","10444","WR66","","","","","","","","","","","",""
"August 4, 2025","189.9","217.2","227.4","233.8","230.9","237.3","323.9","LV","Dont'e","Thornton","WR","12541","WR67","","","","","","","","","","","",""
"August 4, 2025","190.5","95.5","176.2","158.1","81.6","163.2","116.9","CAR","Bryce","Young","QB","9228","QB23","","","","","","","","","","","",""
"August 4, 2025","191","166.7","174","239.6","215.5","226.3","261.1","CIN","Mike","Gesicki","TE","4993","TE22","","","","","","","","","","","",""
"August 4, 2025","191.6","100.5","173.8","239.1","130.3","236.5","191.9","LAR","Matthew","Stafford","QB","421","QB24","","","","","","","","","","","",""
"August 4, 2025","193.7","171.9","181.1","173","178.1","175.9","254.7","NYG","Wan'Dale","Robinson","WR","8126","WR68","","","","","","","","","","","",""
"August 4, 2025","194.2","156","161.8","154.1","154","157.7","185.5","PIT","Pat","Freiermuth","TE","7600","TE23","","","","","","","","","","","",""
"August 4, 2025","195.4","178.2","161.1","151.7","167.8","149.9","233.3","NYJ","Braelon","Allen","RB","11576","RB55","","","","","","","","","","","",""
"August 4, 2025","196.6","167.9","165.2","131.3","138","135","171.8","NYJ","Mason","Taylor","TE","12498","TE24","","","","","","","","","","","",""
"August 4, 2025","197.1","98.3","159.4","235.2","105.3","201.7","140","MIA","Tua","Tagovailoa","QB","6768","QB25","","","","","","","","","","","",""
"August 4, 2025","197.1","180","164.2","159.9","170.7","154.6","253.4","MIA","Jaylen","Wright","RB","11643","RB56","","","","","","","","","","","",""
"August 4, 2025","199.2","182.9","163.9","164.2","184.8","159.5","266.6","LAC","Quentin","Johnston","WR","9754","WR69","","","","","","","","","","","",""
"August 4, 2025","200.8","185","180","203","219.2","202.2","299.8","BUF","Joshua","Palmer","WR","7670","WR70","","","","","","","","","","","",""
"August 4, 2025","201.1","203.6","179.5","238.7","243","233.5","329.3","BAL","DeAndre","Hopkins","WR","1426","WR71","","","","","","","","","","","",""
"August 4, 2025","202.9","188.2","166.4","196.7","203.5","191.5","269.8","CHI","Roschon","Johnson","RB","10235","RB57","","","","","","","","","","","",""
"August 4, 2025","203.6","202","193.5","243","252","225.8","335.9","KC","Kareem","Hunt","RB","4098","RB58","","","","","","","","","","","",""
"August 4, 2025","203.9","199.3","229","167.6","167.2","165.7","250.5","SEA","Elijah","Arroyo","TE","12521","TE25","","","","","","","","","","","",""
"August 4, 2025","205.3","165.5","182.1","149.8","161.3","160.5","221.4","TB","Cade","Otton","TE","8111","TE26","","","","","","","","","","","",""
"August 4, 2025","206.1","189.3","187.7","187.2","202.1","190","313.5","NE","DeMario","Douglas","WR","9501","WR72","","","","","","","","","","","",""
"August 4, 2025","207.8","131.1","191.8","279.7","181.8","292.7","225.8","PIT","Aaron","Rodgers","QB","96","QB26","","","","","","","","","","","",""
"August 4, 2025","208.8","190.9","195.4","167.5","176.6","179","242.6","DEN","Pat","Bryant","WR","12492","WR73","","","","","","","","","","","",""
"August 4, 2025","209","193.5","183.1","185.4","197.6","183.1","307.2","GB","Romeo","Doubs","WR","8121","WR74","","","","","","","","","","","",""
"August 4, 2025","209.9","196.3","167.6","160.5","179.5","155.4","262.9","LAR","Blake","Corum","RB","11586","RB59","","","","","","","","","","","",""
"August 4, 2025","211.3","112.1","184.7","281.7","127.9","250.9","196.6","LV","Geno","Smith","QB","1373","QB27","","","","","","","","","","","",""
"August 4, 2025","212.8","113.7","188.8","237","113.6","208.4","193.6","SEA","Sam","Darnold","QB","4943","QB28","","","","","","","","","","","",""
"August 4, 2025","213.3","124.8","185.8","195.1","119.1","195","194.5","IND","Anthony","Richardson","QB","9229","QB29","","","","","","","","","","","",""
"August 4, 2025","214.2","197.9","194","244.6","250.3","220.6","344.8","BAL","Justice","Hill","RB","5995","RB60","","","","","","","","","","","",""
"August 4, 2025","215.2","212.5","185.4","263.2","255.5","243.8","","WAS","Keenan","Allen","WR","1479","WR75","","","","","","","","","","","",""
"August 4, 2025","215.8","183","199.4","215","208.9","218.7","317.3","TEN","Chig","Okonkwo","TE","8210","TE27","","","","","","","","","","","",""
"August 4, 2025","217.8","207.9","233.2","193.8","189.5","185.9","272.1","LAR","Jarquez","Hunter","RB","11569","RB61","","","","","","","","","","","",""
"August 4, 2025","218.9","194.6","191.6","209.6","221.3","203.6","346.9","IND","Alec","Pierce","WR","8142","WR76","","","","","","","","","","","",""
"August 4, 2025","219.1","187.7","197.4","256","224.8","233.6","321.7","HOU","Dalton","Schultz","TE","5001","TE28","","","","","","","","","","","",""
"August 4, 2025","220.7","220.9","235","251.4","233.9","219.7","345.3","PHI","Will","Shipley","RB","11577","RB62","","","","","","","","","","","",""
"August 4, 2025","221.3","206.2","196.1","176.3","188.5","178.7","268.4","IND","DJ","Giddens","RB","12471","RB63","","","","","","","","","","","",""
"August 4, 2025","221.8","213.6","206","285.9","271.8","245.1","389.5","TEN","Tyler","Lockett","WR","2374","WR77","","","","","","","","","","","",""
"August 4, 2025","223.9","195.8","203","145.5","153.8","139.6","235.7","HOU","Jaylin","Noel","WR","12536","WR78","","","","","","","","","","","",""
"August 4, 2025","224.8","221.4","189","197.8","211.5","198","316.1","KC","Brashard","Smith","RB","12455","RB64","","","","","","","","","","","",""
"August 4, 2025","225.6","191.7","190","148","166.9","148.2","226.8","NO","Devin","Neal","RB","12476","RB65","","","","","","","","","","","",""
"August 4, 2025","226.7","209.8","202.7","161.5","172.7","158.2","257.8","KC","Jalen","Royals","WR","12505","WR79","","","","","","","","","","","",""
"August 4, 2025","227.6","277.7","240.7","273.4","277.7","277.7","240.7","GB","Green Bay","Packers","DEF","","DEF14","","","","","","","","","","","",""
"August 4, 2025","227.9","","263.4","","","","","DEN","Wil","Lutz","K","3678","K13","","","","","","","","","","","",""
"August 4, 2025","229.5","215.8","227.9","","","269.9","353.4","MIA","Darren","Waller","TE","2505","TE29","","","","","","","","","","","",""
"August 4, 2025","230.2","275.1","236.9","275.3","275.1","275.1","236.9","NYJ","New York","Jets","DEF","","DEF15","","","","","","","","","","","",""
"August 4, 2025","231.9","271.6","237.4","271.4","271.6","271.6","237.4","NYG","New York","Giants","DEF","","DEF16","","","","","","","","","","","",""
"August 4, 2025","232.3","","235.2","","","","235.2","TEN","Tennessee","Titans","DEF","","DEF17","","","","","","","","","","","",""
"August 4, 2025","233.7","272.9","239.6","269.7","272.9","272.9","239.6","NE","New England","Patriots","DEF","","DEF18","","","","","","","","","","","",""
"August 4, 2025","233.7","276.6","243","274.3","276.6","276.6","243","LAR","Los Angeles","Rams","DEF","","DEF19","","","","","","","","","","","",""
"August 4, 2025","235","209.7","241.8","248.6","254","255.6","387.2","PIT","Calvin","Austin","WR","8125","WR80","","","","","","","","","","","",""
"August 4, 2025","236.4","185.5","252","194.1","152.3","193.2","213.3","CLE","Shedeur","Sanders","QB","12524","QB30","","","","","","","","","","","",""
"August 4, 2025","237.3","225.8","269.7","236.6","231.3","224.7","349.3","WAS","Jacory","Croskey-Merritt","RB","12533","RB66","","","","","","","","","","","",""
"August 4, 2025","238.7","219.4","230.4","277.3","265.4","291.4","397.9","DAL","Miles","Sanders","RB","6151","RB67","","","","","","","","","","","",""
"August 4, 2025","239","197.3","231.2","161.6","159.4","164.5","245.5","LAR","Terrance","Ferguson","TE","12487","TE30","","","","","","","","","","","",""
"August 4, 2025","239.9","215","232.9","169.1","179.1","167.2","263.6","TEN","Elic","Ayomanor","WR","12499","WR81","","","","","","","","","","","",""
"August 4, 2025","241","163","236.7","165","98.6","171.4","195.2","NYG","Jaxson","Dart","QB","12508","QB31","","","","","","","","","","","",""
"August 4, 2025","242.4","227.6","253.7","283.4","287","299.8","","LV","Raheem","Mostert","RB","2749","RB68","","","","","","","","","","","",""
"August 4, 2025","243.4","211.5","201.7","199.1","199.1","187.2","333.8","GB","MarShawn","Lloyd","RB","11581","RB69","","","","","","","","","","","",""
"August 4, 2025","244.7","205.2","244.4","182.4","183.6","173.8","315.9","CAR","Jalen","Coker","WR","11646","WR82","","","","","","","","","","","",""
"August 4, 2025","245.4","236.9","197.3","247.6","242.6","229.3","","DAL","Amari","Cooper","WR","2309","WR83","","","","","","","","","","","",""
"August 4, 2025","245.6","224.3","243.2","289.3","266.5","249.4","","JAX","Dyami","Brown","WR","7587","WR84","","","","","","","","","","","",""
"August 4, 2025","247.5","233.8","237.4","245.6","223.1","221.7","351.6","CIN","Tahj","Brooks","RB","12543","RB70","","","","","","","","","","","",""
"August 4, 2025","248.9","191.7","207.2","208","187.2","206.3","311.1","CAR","Ja'Tavion","Sanders","TE","11600","TE31","","","","","","","","","","","",""
"August 4, 2025","249.6","232.4","200.9","207.6","218.8","214.8","334.8","CHI","Kyle","Monangai","RB","12534","RB71","","","","","","","","","","","",""
"August 4, 2025","250.7","239.1","233.6","211.3","206.9","197.3","331.3","HOU","Woody","Marks","RB","12474","RB72","","","","","","","","","","","",""
"August 4, 2025","251.7","142.8","239.2","","175.3","","278.8","NYG","Russell","Wilson","QB","1234","QB32","","","","","","","","","","","",""
"August 4, 2025","252","208.6","203.2","254.9","241.8","239.7","395.1","ARI","Michael","Wilson","WR","10232","WR85","","","","","","","","","","","",""
"August 4, 2025","253.9","226.8","247.7","287.5","281.4","293.9","","NYG","Darius","Slayton","WR","6149","WR86","","","","","","","","","","","",""
"August 4, 2025","254.5","200.3","249.2","217.5","201.2","212.4","341.2","NYG","Theo","Johnson","TE","11597","TE32","","","","","","","","","","","",""
"August 4, 2025","255.2","149.7","239.3","251.9","149.9","239.9","214.6","NO","Tyler","Shough","QB","12545","QB33","","","","","","","","","","","",""
"August 4, 2025","256.9","218","254.7","299.4","259.7","","","NO","Juwan","Johnson","TE","7002","TE33","","","","","","","","","","","",""
"August 4, 2025","257.1","227.4","205.8","185.7","196.2","188.8","273.4","SF","Jordan","James","RB","12467","RB73","","","","","","","","","","","",""
"August 4, 2025","257.9","238.2","256.7","212.6","209","209.2","329.4","PIT","Roman","Wilson","WR","11630","WR87","","","","","","","","","","","",""
"August 4, 2025","259.1","181.9","250.9","","195","","285.2","IND","Daniel","Jones","QB","5870","QB34","","","","","","","","","","","",""
"August 4, 2025","260.7","221.1","257.2","257.2","227.4","227.7","352.6","KC","Noah","Gray","TE","7828","TE34","","","","","","","","","","","",""
"August 4, 2025","261.8","203.8","238.2","205","212.6","203.9","337.5","CHI","Cole","Kmet","TE","6826","TE35","","","","","","","","","","","",""
"August 4, 2025","262.5","239.8","242","184.2","193.6","184.4","343.9","IND","Adonai","Mitchell","WR","11625","WR88","","","","","","","","","","","",""
"August 4, 2025","263.1","241.2","248.2","255.3","236.2","217.2","","GB","Dontayvion","Wicks","WR","9486","WR89","","","","","","","","","","","",""
"August 4, 2025","263.3","233.2","245.6","178.6","174","177.4","267.4","CLE","Harold","Fannin","TE","12506","TE36","","","","","","","","","","","",""
"August 4, 2025","265.5","214.3","257.7","173.7","191","172.4","269.8","MIA","Ollie","Gordon","RB","12495","RB74","","","","","","","","","","","",""
"August 4, 2025","266.5","245.1","261.8","","269.4","261","","CLE","Diontae","Johnson","WR","5937","WR90","","","","","","","","","","","",""
"August 4, 2025","267.9","","","276","","","","SF","Jake","Moody","K","10937","K14","","","","","","","","","","","",""
"August 4, 2025","268.1","","263.8","","","","","LV","Daniel","Carlson","K","5095","K15","","","","","","","","","","","",""
"August 4, 2025","269.2","","280.7","","","","280.7","DAL","Dallas","Cowboys","DEF","","DEF20","","","","","","","","","","","",""
"August 4, 2025","270","","293.8","221.8","","273.8","","MIN","Will","Reichard","K","11792","K16","","","","","","","","","","","",""
"August 4, 2025","271","","242.6","","","","242.6","LAC","Los Angeles","Chargers","DEF","","DEF21","","","","","","","","","","","",""
"August 4, 2025","272.8","","268.7","","","","","MIA","Jason","Sanders","K","5119","K17","","","","","","","","","","","",""
"August 4, 2025","273.4","","241.8","","","","241.8","MIA","Miami","Dolphins","DEF","","DEF22","","","","","","","","","","","",""
"August 4, 2025","274.2","","284.4","","","","284.4","LV","Las Vegas","Raiders","DEF","","DEF23","","","","","","","","","","","",""
"August 4, 2025","275.4","","283.7","","","","283.7","IND","Indianapolis","Colts","DEF","","DEF24","","","","","","","","","","","",""
"August 4, 2025","275.7","","286.4","","","","286.4","NO","New Orleans","Saints","DEF","","DEF25","","","","","","","","","","","",""
"August 4, 2025","277.1","","285.9","","","","285.9","JAX","Jacksonville","Jaguars","DEF","","DEF26","","","","","","","","","","","",""
"August 4, 2025","278.2","","","","","","","NYJ","Justin","Tucker","K","1264","K18","","","","","","","","","","","",""
"August 4, 2025","279.6","250.3","272.6","197.4","205.2","191.3","332.8","DET","Isaac","TeSlaa","WR","12535","WR91","","","","","","","","","","","",""
"August 4, 2025","280.1","248.2","271.5","261.2","247.1","221.7","","CIN","Andrei","Iosivas","WR","10226","WR92","","","","","","","","","","","",""
"August 4, 2025","281.7","261.9","275.2","202.8","220.7","213.9","347","TEN","Xavier","Restrepo","WR","12520","WR93","","","","","","","","","","","",""
"August 4, 2025","281.7","242","259.5","245.6","233.9","207.7","","BAL","Keaton","Mitchell","RB","9511","RB75","","","","","","","","","","","",""
"August 4, 2025","283.7","201.7","274.2","191.9","142.2","176.6","221.6","SEA","Jalen","Milroe","QB","12510","QB35","","","","","","","","","","","",""
"August 4, 2025","284.5","184.3","","","245.9","","363.1","CLE","Joe","Flacco","QB","19","QB36","","","","","","","","","","","",""
"August 4, 2025","285.5","229.1","269.2","242.9","227.4","230.3","347.9","LAC","Oronde","Gadsden","TE","12493","TE37","","","","","","","","","","","",""
"August 4, 2025","286","254","273.8","","283.2","297.8","","KC","Elijah","Mitchell","RB","7561","RB76","","","","","","","","","","","",""
"August 4, 2025","287.5","243.8","251","214","229.8","199.7","","NO","Kendre","Miller","RB","9757","RB77","","","","","","","","","","","",""
"August 4, 2025","287.9","269.5","281.2","262.3","251.1","231.6","","GB","Christian","Watson","WR","8167","WR94","","","","","","","","","","","",""
"August 4, 2025","289.1","230.1","279.6","213.2","191.6","200.7","341.7","WAS","Ben","Sinnott","TE","11596","TE38","","","","","","","","","","","",""
"August 4, 2025","289.8","263.6","","","","","","SEA","Marquez","Valdes-Scantling","WR","5086","WR95","","","","","","","","","","","",""
"August 4, 2025","290.1","235.1","283.9","","294","","","LAR","Tyler","Higbee","TE","3271","TE39","","","","","","","","","","","",""
"August 4, 2025","291.2","253.9","289.3","291.9","273.6","256.7","","LV","Zack","Moss","RB","6845","RB78","","","","","","","","","","","",""
"August 4, 2025","292.7","244.7","275.8","263.7","239.8","242.1","","LAR","Jordan","Whittington","WR","11623","WR96","","","","","","","","","","","",""
"August 4, 2025","293","249.9","260.1","201.2","213.1","196.5","322.7","SEA","Tory","Horton","WR","12497","WR97","","","","","","","","","","","",""
"August 4, 2025","293.9","251.9","255.3","183","200.1","182.7","326.2","CAR","Trevor","Etienne","RB","12531","RB79","","","","","","","","","","","",""
"August 4, 2025","295.2","269.3","280.6","298.6","257.9","245.2","","NE","Kayshon","Boutte","WR","9504","WR98","","","","","","","","","","","",""
"August 4, 2025","296.7","247.9","278.4","287.4","291.3","","","LAR","Tutu","Atwell","WR","7562","WR99","","","","","","","","","","","",""
"August 4, 2025","297","251.8","281.8","215.5","221.9","205.5","400","DEN","Troy","Franklin","WR","11627","WR100","","","","","","","","","","","",""
"August 4, 2025","298.1","231.8","277.8","","289.7","","","LAC","Tyler","Conklin","TE","5133","TE40","","","","","","","","","","","",""
"August 4, 2025","299.2","271.4","245.3","297.8","268.6","251.5","","DEN","Jaleel","McLaughlin","RB","11439","RB80","","","","","","","","","","","",""
"August 4, 2025","299.4","265.4","","","256.1","","","LV","Michael","Mayer","TE","9482","TE41","","","","","","","","","","","",""
"August 4, 2025","299.5","277","","","272.3","257.5","","CIN","Jermaine","Burton","WR","11640","WR101","","","","","","","","","","","",""
"August 4, 2025","299.8","272.4","284.2","","","","","NO","Taysom","Hill","TE","4381","TE42","","","","","","","","","","","",""
"August 4, 2025","","275.8","","250.8","185.6","241.2","301.1","PIT","Will","Howard","QB","12511","QB37","","","","","","","","","","","",""
"August 4, 2025","","","","166.4","194.6","169","302.9","HOU","Tank","Dell","WR","9502","WR102","","","","","","","","","","","",""
"August 4, 2025","","","","206.8","197.2","194.4","335.3","CAR","Jonathon","Brooks","RB","11583","RB81","","","","","","","","","","","",""
"August 4, 2025","","260","","290","217.1","298.3","377.1","DAL","Joe","Milton","QB","11557","QB38","","","","","","","","","","","",""
"August 4, 2025","","268.9","","","226.7","","","CLE","Dillon","Gabriel","QB","12486","QB39","","","","","","","","","","","",""
"August 4, 2025","","","","293.5","232.5","","392.5","MIA","Quinn","Ewers","QB","12500","QB40","","","","","","","","","","","",""
"August 4, 2025","","223.5","","","235.3","","384","ATL","Kirk","Cousins","QB","1166","QB41","","","","","","","","","","","",""
"August 4, 2025","","280.9","287.7","253.6","237.5","216","","DEN","Audric","Estime","RB","11579","RB82","","","","","","","","","","","",""
"August 4, 2025","","","","249","238.8","227.3","","MIN","Tai","Felton","WR","12496","WR103","","","","","","","","","","","",""
"August 4, 2025","","","","259.7","239.4","232.2","","GB","Savion","Williams","WR","12482","WR104","","","","","","","","","","","",""
"August 4, 2025","","237.2","","","244.9","","373.1","NO","Spencer","Rattler","QB","11562","QB42","","","","","","","","","","","",""
"August 4, 2025","","257.8","","278.5","245.6","247.2","","WAS","Jaylin","Lane","WR","12641","WR105","","","","","","","","","","","",""
"August 4, 2025","","","","260.8","248.7","223.6","","SEA","Damien","Martinez","RB","12462","RB83","","","","","","","","","","","",""
"August 4, 2025","","","","257.9","249","259.3","","TEN","Gunnar","Helm","TE","12502","TE43","","","","","","","","","","","",""
"August 4, 2025","","","","281.6","253.8","244.9","","TEN","Chimere","Dike","WR","12540","WR106","","","","","","","","","","","",""
"August 4, 2025","","","","241.4","257","238.8","","CAR","Jimmy","Horn","WR","12523","WR107","","","","","","","","","","","",""
"August 4, 2025","","275.5","","","260.6","253.5","","MIA","Malik","Washington","WR","11610","WR108","","","","","","","","","","","",""
"August 4, 2025","","263.3","","299.2","261.1","248.9","","BUF","Elijah","Moore","WR","7596","WR109","","","","","","","","","","","",""
"August 4, 2025","","266.3","","293.4","262.3","257.7","","NYJ","Isaiah","Davis","RB","11571","RB84","","","","","","","","","","","",""
"August 4, 2025","","","","286.8","263.1","","","NYJ","Arian","Smith","WR","12539","WR110","","","","","","","","","","","",""
"August 4, 2025","","259.9","","295.1","263.9","251.7","","TB","Sean","Tucker","RB","9506","RB85","","","","","","","","","","","",""
"August 4, 2025","","","","284.4","267","254.6","","WAS","Luke","McCaffrey","WR","11650","WR111","","","","","","","","","","","",""
"August 4, 2025","","","","","269.7","","","IND","Riley","Leonard","QB","12470","QB43","","","","","","","","","","","",""
"August 4, 2025","","","","","274.6","","","ATL","Nick","Nash","WR","12478","WR112","","","","","","","","","","","",""
"August 4, 2025","","245.8","287.1","","275.5","","","CIN","Noah","Fant","TE","5857","TE44","","","","","","","","","","","",""
"August 4, 2025","","","","","275.7","262.3","","NE","Ja'Lynn","Polk","WR","11619","WR113","","","","","","","","","","","",""
"August 4, 2025","","","","292.2","277.6","260","","TB","Tez","Johnson","WR","12485","WR114","","","","","","","","","","","",""
"August 4, 2025","","","","","278.3","","","NE","Efton","Chism","WR","12542","WR115","","","","","","","","","","","",""
"August 4, 2025","","","","","279.4","288","","LAC","KeAndre","Lambert-Smith","WR","12670","WR116","","","","","","","","","","","",""
"August 4, 2025","","","","280.6","280.9","296.7","","DAL","Phil","Mafah","RB","12738","RB86","","","","","","","","","","","",""
"August 4, 2025","","","","","281","","","MIN","Sam","Howell","QB","8162","QB44","","","","","","","","","","","",""
"August 4, 2025","","","","","284.8","293.8","","PHI","A.J.","Dillon","RB","6828","RB87","","","","","","","","","","","",""
"August 4, 2025","","","","","285.2","","","JAX","LeQuint","Allen","RB","12544","RB88","","","","","","","","","","","",""
"August 4, 2025","","","","296.6","286.1","263.5","","TEN","Kalel","Mullings","RB","12516","RB89","","","","","","","","","","","",""
"August 4, 2025","","256.8","","","287.7","","","CLE","Kenny","Pickett","QB","8160","QB45","","","","","","","","","","","",""
"August 4, 2025","","","","","290.7","","","GB","Luke","Musgrave","TE","9481","TE45","","","","","","","","","","","",""
"August 4, 2025","","","","","292.8","","","MIA","Zach","Wilson","QB","7538","QB46","","","","","","","","","","","",""
"August 4, 2025","","274.8","","","293.8","","","NYG","Jameis","Winston","QB","2306","QB47","","","","","","","","","","","",""
"August 4, 2025","","","","","295.6","","","TEN","Isaiah","Bond","WR","12503","WR117","","","","","","","","","","","",""
"August 4, 2025","","","","","296.9","","","NYJ","Malachi","Corley","WR","11617","WR118","","","","","","","","","","","",""
"August 4, 2025","","278.5","291.3","","297.4","299.4","","DAL","Jalen","Tolbert","WR","8117","WR119","","","","","","","","","","","",""
"August 4, 2025","","","","","298.4","","","CAR","Mitchell","Evans","TE","12473","TE46","","","","","","","","","","","",""
"August 4, 2025","","","","","299.5","","","IND","Khalil","Herbert","RB","7608","RB90","","","","","","","","","","","",""
"August 4, 2025","","","","","299.7","","","SF","Mac","Jones","QB","7527","QB48","","","","","","","","","","","",""
"August 4, 2025","","255.7","","","","","","MIN","Jalen","Nailor","WR","8180","WR120","","","","","","","","","","","",""
"August 4, 2025","","257.5","","","","","","DEN","Devaughn","Vele","WR","11834","WR121","","","","","","","","","","","",""
"August 4, 2025","","262.3","","","","","","LAC","Will","Dissly","TE","5010","TE47","","","","","","","","","","","",""
"August 4, 2025","","267.5","","","","","","NYJ","Allen","Lazard","WR","5185","WR122","","","","","","","","","","","",""
"August 4, 2025","","273","286.3","","","","","NO","Brandin","Cooks","WR","2197","WR123","","","","","","","","","","","",""
"August 4, 2025","","279","","","","","","LV","Tre","Tucker","WR","10213","WR124","","","","","","","","","","","",""
"August 4, 2025","","299.4","","","","","","SEA","AJ","Barner","TE","11603","TE48","","","","","","","","","","","",""
"August 4, 2025","","","","","","","77.9","IND","Zaire","Franklin","LB","5346","LB1","","","","","","","","","","","",""
"August 4, 2025","","","","","","","83.6","BAL","Roquan","Smith","LB","4960","LB2","","","","","","","","","","","",""
"August 4, 2025","","","","","","","89.2","DAL","Micah","Parsons","LB","7640","LB3","","","","","","","","","","","",""
"August 4, 2025","","","","","","","91.7","SF","Fred","Warner","LB","5041","LB4","","","","","","","","","","","",""
"August 4, 2025","","","","","","","97.2","LV","Maxx","Crosby","DE","5991","DE1","","","","","","","","","","","",""
"August 4, 2025","","","","","","","100.3","PIT","T.J.","Watt","LB","4070","LB5","","","","","","","","","","","",""
"August 4, 2025","","","","","","","106.9","DET","Aidan","Hutchinson","DL","8289","DL1","","","","","","","","","","","",""
"August 4, 2025","","","","","","","109.9","CLE","Myles","Garrett","DE","3973","DE2","","","","","","","","","","","",""
"August 4, 2025","","","","","","","112.9","CHI","T.J.","Edwards","LB","5960","LB6","","","","","","","","","","","",""
"August 4, 2025","","","","","","","113.4","BAL","Kyle","Hamilton","DB","8339","DB1","","","","","","","","","","","",""
"August 4, 2025","","","","","","","117.9","PHI","Zack","Baun","LB","6815","LB7","","","","","","","","","","","",""
"August 4, 2025","","","","","","","118.4","DET","Brian","Branch","DB","10905","DB2","","","","","","","","","","","",""
"August 4, 2025","","","","","","","123.6","KC","Nick","Bolton","LB","7648","LB8","","","","","","","","","","","",""
"August 4, 2025","","","","","","","125.7","HOU","Will","Anderson","DL","10892","DL2","","","","","","","","","","","",""
"August 4, 2025","","","","","","","131.6","SF","Nick","Bosa","DE","5816","DE3","","","","","","","","","","","",""
"August 4, 2025","","","","","","","134.8","DEN","Nik","Bonitto","LB","8280","LB9","","","","","","","","","","","",""
"August 4, 2025","","","","","","","139.3","ATL","Kaden","Elliss","LB","6302","LB10","","","","","","","","","","","",""
"August 4, 2025","","","","","","","141.9","JAX","Foyesade","Oluokun","LB","5332","LB11","","","","","","","","","","","",""
"August 4, 2025","","","","","","","142","NYG","Abdul","Carter","DL","12574","DL3","","","","","","","","","","","",""
"August 4, 2025","","","","","","","143.8","SEA","Ernest","Jones","LB","7672","LB12","","","","","","","","","","","",""
"August 4, 2025","","","","","","","146.5","IND","Nick","Cross","DB","8392","DB3","","","","","","","","","","","",""
"August 4, 2025","","","","","","","148.8","ATL","Jessie","Bates","DB","5017","DB4","","","","","","","","","","","",""
"August 4, 2025","","","","","","","149.2","NYG","Bobby","Okereke","LB","5944","LB13","","","","","","","","","","","",""
"August 4, 2025","","","","","","","151.8","ARI","Budda","Baker","DB","4081","DB5","","","","","","","","","","","",""
"August 4, 2025","","","","","","","153.7","LAR","Jared","Verse","DL","11665","DL4","","","","","","","","","","","",""
"August 4, 2025","","","","","","","157.3","LAC","Derwin","James","DB","4971","DB6","","","","","","","","","","","",""
"August 4, 2025","","","","","","","160.4","MIA","Jordyn","Brooks","LB","6949","LB14","","","","","","","","","","","",""
"August 4, 2025","","","","","","","161.1","TB","Antoine","Winfield","DB","6888","DB7","","","","","","","","","","","",""
"August 4, 2025","","","","","","","163.7","BUF","Terrel","Bernard","LB","8311","LB15","","","","","","","","","","","",""
"August 4, 2025","","","","","","","165.9","MIN","Andrew","Van Ginkel","LB","6183","LB16","","","","","","","","","","","",""
"August 4, 2025","","","","","","","166.3","NE","Robert","Spillane","LB","5726","LB17","","","","","","","","","","","",""
"August 4, 2025","","","","","","","169.5","CIN","Trey","Hendrickson","DE","4135","DE4","","","","","","","","","","","",""
"August 4, 2025","","","","","","","172","NYJ","Jamien","Sherwood","LB","7841","LB18","","","","","","","","","","","",""
"August 4, 2025","","","","","","","173.7","WAS","Bobby","Wagner","LB","1233","LB19","","","","","","","","","","","",""
"August 4, 2025","","","","","","","176.7","PIT","Patrick","Queen","LB","6807","LB20","","","","","","","","","","","",""
"August 4, 2025","","","","","","","178.2","HOU","Danielle","Hunter","DE","2393","DE5","","","","","","","","","","","",""
"August 4, 2025","","","","","","","179.5","IND","Cam","Bynum","DB","7715","DB8","","","","","","","","","","","",""
"August 4, 2025","","","","","","","182.3","DEN","Alex","Singleton","LB","2617","LB21","","","","","","","","","","","",""
"August 4, 2025","","","","","","","197.1","GB","Edgerrin","Cooper","LB","11687","LB22","","","","","","","","","","","",""
"August 4, 2025","","","","","","","197.3","SEA","Julian","Love","DB","5876","DB9","","","","","","","","","","","",""
"August 4, 2025","","","","","","","199.2","LAC","Daiyan","Henley","LB","10914","LB23","","","","","","","","","","","",""
"August 4, 2025","","","","","","","200.1","NYG","Brian","Burns","DE","5862","DE6","","","","","","","","","","","",""
"August 4, 2025","","","","","","","201.3","GB","Xavier","McKinney","DB","6788","DB10","","","","","","","","","","","",""
"August 4, 2025","","","","","","","202","MIN","Jonathan","Greenard","DE","6900","DE7","","","","","","","","","","","",""
"August 4, 2025","","","","","","","203.4","NYJ","Quincy","Williams","LB","6214","LB24","","","","","","","","","","","",""
"August 4, 2025","","","","","","","203.6","BAL","Malaki","Starks","DB","12567","DB11","","","","","","","","","","","",""
"August 4, 2025","","","","","","","205.9","GB","Quay","Walker","LB","8266","LB25","","","","","","","","","","","",""
"August 4, 2025","","","","","","","206.9","DET","Jack","Campbell","LB","10880","LB26","","","","","","","","","","","",""
"August 4, 2025","","","","","","","207.5","ATL","Jalon","Walker","DL","12568","DL5","","","","","","","","","","","",""
"August 4, 2025","","","","","","","208.3","CIN","Logan","Wilson","LB","6880","LB27","","","","","","","","","","","",""
"August 4, 2025","","","","","","","209.3","PHI","Jalen","Carter","DL","10888","DL6","","","","","","","","","","","",""
"August 4, 2025","","","","","","","210","MIN","Joshua","Metellus","DB","6901","DB12","","","","","","","","","","","",""
"August 4, 2025","","","","","","","211.1","HOU","Azeez","Al-Shaair","LB","6485","LB28","","","","","","","","","","","",""
"August 4, 2025","","","","","","","212.2","JAX","Josh","Hines-Allen","DE","5840","DE8","","","","","","","","","","","",""
"August 4, 2025","","","","","","","215","JAX","Travon","Walker","LB","8265","LB29","","","","","","","","","","","",""
"August 4, 2025","","","","","","","216","PHI","Cooper","DeJean","DB","11678","DB13","","","","","","","","","","","",""
"August 4, 2025","","","","","","","218.6","WAS","Frankie","Luvu","LB","5580","LB30","","","","","","","","","","","",""
"August 4, 2025","","","","","","","219.6","NE","Harold","Landry","LB","5030","LB31","","","","","","","","","","","",""
"August 4, 2025","","","","","","","223.3","LV","Jeremy","Chinn","DB","7016","DB14","","","","","","","","","","","",""
"August 4, 2025","","","","","","","227.4","MIN","Blake","Cashman","LB","6217","LB32","","","","","","","","","","","",""
"August 4, 2025","","","","","","","227.4","DEN","Brandon","Jones","DB","6911","DB15","","","","","","","","","","","",""
"August 4, 2025","","","","","","","229.2","CLE","Carson","Schwesinger","LB","12578","LB33","","","","","","","","","","","",""
"August 4, 2025","","","","","","","230.5","DEN","Pat","Surtain","CB","7641","CB1","","","","","","","","","","","",""
"August 4, 2025","","","","","","","231.8","NYG","Kayvon","Thibodeaux","DL","8355","DL7","","","","","","","","","","","",""
"August 4, 2025","","","","","","","233.4","CHI","Jaquan","Brisker","DB","8323","DB16","","","","","","","","","","","",""
"August 4, 2025","","","","","","","236.1","SEA","Tyrice","Knight","LB","11734","LB34","","","","","","","","","","","",""
"August 4, 2025","","","","","","","237.4","DET","Kerby","Joseph","DB","8348","DB17","","","","","","","","","","","",""
"August 4, 2025","","","","","","","239.1","PIT","Alex","Highsmith","LB","7113","LB35","","","","","","","","","","","",""
"August 4, 2025","","","","","","","241.2","SEA","Devon","Witherspoon","DB","10891","DB18","","","","","","","","","","","",""
"August 4, 2025","","","","","","","244.8","NYG","Tyler","Nubin","DB","11674","DB19","","","","","","","","","","","",""
"August 4, 2025","","","","","","","245","PHI","Nakobe","Dean","LB","8267","LB36","","","","","","","","","","","",""
"August 4, 2025","","","","","","","247.5","TB","Lavonte","David","LB","1192","LB37","","","","","","","","","","","",""
"August 4, 2025","","","","","","","248.5","MIA","Minkah","Fitzpatrick","DB","4963","DB20","","","","","","","","","","","",""
"August 4, 2025","","","","","","","249.8","PHI","Jihaad","Campbell","LB","12566","LB38","","","","","","","","","","","",""
"August 4, 2025","","","","","","","251.3","KC","George","Karlaftis","DL","8385","DL8","","","","","","","","","","","",""
"August 4, 2025","","","","","","","255.3","JAX","Devin","Lloyd","LB","8329","LB39","","","","","","","","","","","",""
"August 4, 2025","","","","","","","260.4","CLE","Grant","Delpit","DB","6799","DB21","","","","","","","","","","","",""
"August 4, 2025","","","","","","","279.9","BUF","Greg","Rousseau","DE","7627","DE9","","","","","","","","","","","",""
"August 4, 2025","","","","","","","280","PIT","Payton","Wilson","LB","11727","LB40","","","","","","","","","","","",""
"August 4, 2025","","","","","","","281","DET","Alex","Anzalone","LB","4118","LB41","","","","","","","","","","","",""
"August 4, 2025","","","","","","","281.7","DEN","Jonathon","Cooper","DL","7765","DL9","","","","","","","","","","","",""
"August 4, 2025","","","","","","","283","TB","Yaya","Diaby","DL","10921","DL10","","","","","","","","","","","",""
"August 4, 2025","","","","","","","284.1","IND","DeForest","Buckner","DT","3172","DT1","","","","","","","","","","","",""
"August 4, 2025","","","","","","","286.4","SEA","Nick","Emmanwori","DB","12597","DB22","","","","","","","","","","","",""
"August 4, 2025","","","","","","","287.2","HOU","E.J.","Speed","LB","6218","LB42","","","","","","","","","","","",""
"August 4, 2025","","","","","","","287.9","CLE","Mason","Graham","DL","12573","DL11","","","","","","","","","","","",""
"August 4, 2025","","","","","","","289.7","MIN","Ivan","Pace","LB","11086","LB43","","","","","","","","","","","",""
"August 4, 2025","","","","","","","290.4","CHI","Kevin","Byard","DB","3233","DB23","","","","","","","","","","","",""
"August 4, 2025","","","","","","","291.3","CIN","Jordan","Battle","DB","10927","DB24","","","","","","","","","","","",""
"August 4, 2025","","","","","","","292.4","NYG","Micah","McFadden","LB","8396","LB44","","","","","","","","","","","",""
"August 4, 2025","","","","","","","293.3","LV","Germaine","Pratt","LB","5894","LB45","","","","","","","","","","","",""
"August 4, 2025","","","","","","","293.8","SF","Mykel","Williams","DL","12602","DL12","","","","","","","","","","","",""
"August 4, 2025","","","","","","","295.5","NE","Kyle","Dugger","DB","6872","DB25","","","","","","","","","","","",""
"August 4, 2025","","","","","","","296","PHI","Nolan","Smith","LB","10873","LB46","","","","","","","","","","","",""
"August 4, 2025","","","","","","","297","MIN","Dallas","Turner","LB","11667","LB47","","","","","","","","","","","",""
"August 4, 2025","","","","","","","298.9","LAR","Byron","Young","LB","10917","LB48","","","","","","","","","","","",""
"August 4, 2025","","","","","","","299","NYJ","Sauce","Gardner","DB","8290","DB26","","","","","","","","","","","",""
"August 4, 2025","","","","","","","303.2","DEN","Zach","Allen","DE","5871","DE10","","","","","","","","","","","",""
"August 4, 2025","","","","","","","304.2","ATL","James","Pearce","DL","12585","DL13","","","","","","","","","","","",""
"August 4, 2025","","","","","","","305.3","IND","Laiatu","Latu","DL","11669","DL14","","","","","","","","","","","",""
"August 4, 2025","","","","","","","305.9","TEN","Cody","Barton","LB","6065","LB49","","","","","","","","","","","",""
"August 4, 2025","","","","","","","308.7","DEN","Dre","Greenlaw","LB","6056","LB50","","","","","","","","","","","",""
"August 4, 2025","","","","","","","309.1","CHI","Tremaine","Edmunds","LB","4968","LB51","","","","","","","","","","","",""
"August 4, 2025","","","","","","","310.3","NYJ","Will","McDonald","DE","10883","DE11","","","","","","","","","","","",""
"August 4, 2025","","","","","","","311.4","PHI","Reed","Blankenship","DB","8406","DB27","","","","","","","","","","","",""
"August 4, 2025","","","","","","","314.5","BAL","Mike","Green","DL","12571","DL15","","","","","","","","","","","",""
"August 4, 2025","","","","","","","317.8","CAR","Tre'von","Moehrig","DB","7659","DB28","","","","","","","","","","","",""
"August 4, 2025","","","","","","","319.1","LAR","Quentin","Lake","DB","8330","DB29","","","","","","","","","","","",""
"August 4, 2025","","","","","","","320.6","CHI","Montez","Sweat","DE","6124","DE12","","","","","","","","","","","",""
"August 4, 2025","","","","","","","323","NYG","Dexter","Lawrence","DT","5847","DT2","","","","","","","","","","","",""
"August 4, 2025","","","","","","","325.1","DEN","Jahdae","Barron","DB","12557","DB30","","","","","","","","","","","",""
"August 4, 2025","","","","","","","327.2","HOU","Henry","To'oTo'o","LB","10970","LB52","","","","","","","","","","","",""
"August 4, 2025","","","","","","","328.5","PIT","DeShon","Elliott","DB","5071","DB31","","","","","","","","","","","",""
"August 4, 2025","","","","","","","338.9","WAS","Josey","Jewell","LB","5334","LB53","","","","","","","","","","","",""
"August 4, 2025","","","","","","","339","HOU","Jalen","Pitre","DB","8314","DB32","","","","","","","","","","","",""
"August 4, 2025","","","","","","","340","NO","Demario","Davis","LB","1052","LB54","","","","","","","","","","","",""
"August 4, 2025","","","","","","","350.6","LAC","Khalil","Mack","LB","2036","LB55","","","","","","","","","","","",""
"August 4, 2025","","","","","","","364.3","LAC","Tuli","Tuipulotu","DL","10898","DL16","","","","","","","","","","","",""
"August 4, 2025","","","","","","","365","LAR","Kobie","Turner","DT","10916","DT3","","","","","","","","","","","",""
"August 4, 2025","","","","","","","365.6","NYG","Paulson","Adebo","CB","7669","CB2","","","","","","","","","","","",""
"August 4, 2025","","","","","","","367.9","MIA","Zach","Sieler","DT","5297","DT4","","","","","","","","","","","",""
"August 4, 2025","","","","","","","368.2","IND","Jaylon","Carlies","DB","11777","DB33","","","","","","","","","","","",""
"August 4, 2025","","","","","","","369.7","SEA","Leonard","Williams","DE","2311","DE13","","","","","","","","","","","",""
"August 4, 2025","","","","","","","370.6","CIN","Demetrius","Knight","LB","12617","LB56","","","","","","","","","","","",""
"August 4, 2025","","","","","","","371.1","NO","Alontae","Taylor","DB","8333","DB34","","","","","","","","","","","",""
"August 4, 2025","","","","","","","371.4","NE","Christian","Gonzalez","DB","10881","DB35","","","","","","","","","","","",""
"August 4, 2025","","","","","","","374.6","MIA","Chop","Robinson","DE","11663","DE14","","","","","","","","","","","",""
"August 4, 2025","","","","","","","375.1","MIA","Bradley","Chubb","LB","4967","LB57","","","","","","","","","","","",""
"August 4, 2025","","","","","","","376.2","DAL","DeMarvion","Overshown","LB","10933","LB58","","","","","","","","","","","",""
"August 4, 2025","","","","","","","377.3","HOU","Derek","Stingley","DB","8308","DB36","","","","","","","","","","","",""
"August 4, 2025","","","","","","","379.9","NYJ","Quinnen","Williams","DT","6118","DT5","","","","","","","","","","","",""
"August 4, 2025","","","","","","","380.2","BUF","Dorian","Williams","LB","10923","LB59","","","","","","","","","","","",""
"August 4, 2025","","","","","","","381.4","DAL","Kenneth","Murray","LB","6811","LB60","","","","","","","","","","","",""
"August 4, 2025","","","","","","","382.9","TEN","Jeffery","Simmons","DT","6125","DT6","","","","","","","","","","","",""
"August 4, 2025","","","","","","","383.9","ARI","Josh","Sweat","DE","4999","DE15","","","","","","","","","","","",""
"August 4, 2025","","","","","","","385.3","BAL","Odafe","Oweh","LB","7626","LB61","","","","","","","","","","","",""
"August 4, 2025","","","","","","","386.9","NYG","Jevon","Holland","DB","7666","DB37","","","","","","","","","","","",""
"August 4, 2025","","","","","","","388.4","KC","Trent","McDuffie","DB","8364","DB38","","","","","","","","","","","",""
"August 4, 2025","","","","","","","389.2","HOU","C.J.","Gardner-Johnson","DB","5893","DB39","","","","","","","","","","","",""
"August 4, 2025","","","","","","","391.7","DEN","Talanoa","Hufanga","DB","7811","DB40","","","","","","","","","","","",""
"August 4, 2025","","","","","","","393.1","KC","Chris","Jones","DT","3558","DT7","","","","","","","","","","","",""
"August 4, 2025","","","","","","","394.1","LAR","Kam","Curl","DB","7136","DB41","","","","","","","","","","","",""
"August 4, 2025","","","","","","","395.1","DAL","Donovan","Ezeiruaku","DL","12556","DL17","","","","","","","","","","","",""
"August 4, 2025","","","","","","","398.5","MIA","Tyrel","Dodson","LB","6315","LB62","","","","","","","","","","","",""
"August 4, 2025","","","","","","","399.5","KC","Drue","Tranquill","LB","6141","LB63","","","","","","","","","","","",""
"August 4, 2025","","","285.7","","","","","NYG","Devin","Singletary","RB","6130","RB91","","","","","","","","","","","",""
"August 4, 2025","","","290.8","","","","","NE","Antonio","Gibson","RB","6945","RB92","","","","","","","","","","","",""
"August 4, 2025","","","292.2","","","","","WAS","Matt","Gay","K","6083","K19","","","","","","","","","","","",""
"August 4, 2025","","","","","","295.1","","SF","Jordan","Watkins","WR","12634","WR125","","","","","","","","","","","",""